Hans von, Aachen
Niccolo dell',Abbate
Edwin Austin, Abbey
"Catherine","Abel"
"Victor","Adam"
"George","Adamson"
"Ruth","Addinall"
"Mark","Adlington"
Willem van, Aelst
Pieter, Aertsen
Yaacov, Agam
Jacques Laurent, Agasse
"Battista","Agnese
"Firyal","Al-Adhamy"
Francesco, Albani
Jose, Albers
Ivan, Albright
"Juan","Alcazar"
Heinrich, Aldegrever
"Cecil Charles Windsor","Aldin"
Pierre, Alechinsky
"Mike","Alexander"
"Vivika","Alexander"
"Henry","Alken"
"Henry Thomas","Alken"
"Helen","Allingham"
"Thomas","Allom"
Alessandro, Allori
Washington, Allston
"Sir Lawrence","Alma-Tadema"
Albrecht, Altdorfer
Altichiero
"Pedro Diego","Alvarado"
Christoph, Amberger
Jacopo, Amigoni
"Jost","Amman"
"Sophie","Anderson"
Andrea del Castagno
"Andrea del Sarto"
Fra, "Angelico"
"Cristiana","Angelini"
Sofonisba, Anguisciola
Pietro, Annigoni
"Louis","Anquetin"
"Richard","Ansdell"
Antonello da Messina
"Giuseppe","Arcimboldo"
"Kitty","Arden"
Edward, Ardizzone
"Maxwell Ashby","Armfield"
"Diana","Armfield RW RWS"
"Karen","Armitage"
"John","Armstrong"
Cavaliere d',Arpino (Giuseppe Cesari)
Jan, Asselyn
"Balthasar van der","Ast"
"John James","Audubon"
Frank, Auerbach
"Austrian School"
Hendrick, Avercamp
Gillian, Ayres
Michael, Ayrton
Dirck van, Baburen
"G. W","Backhouse",29
Francis, Bacon
"Theodor","Baierl",20
"Charlie","Baird",42
Ludolf, Bakhuysen
"Leon","Bakst",62 v
"Hans","Baldung Grien",19 v
"Gareth Lloyd","Ball",24
Giacomo, Balla
Balthus
"Magdolna","Ban",31
"Severino","Baraldi",184
"Georges","Barbier",65
"Valerie","Barden",59
"Mark","Baring",65
"Thomas","Barker of Bath",19
Barna da Siena
"Jenny","Barnard",13
Federico Barocci
"Jacques","Barraband",13
"Jenny","Barron",15
"Julian","Barrow",67
James, Barry
"Jonathan","Barry",94
"William Henry","Bartlett",50
"also Manfredi de Battilori","Bartolo di Fredi",13 v
"Fra","Bartolommeo",20 v
"Deborah","Barton",14
"Jacopo","Bassano",14 v
Jules, Bastien-Lepage
"Pompeo Girolamo","Batoni",22 v
"George","Baxter",16
"Cathy","Baxter",77
Francisco, Bayeu
"Pauline","Baynes",18
"Franz von","Bayros",45
Frédéric, Bazille
"Aubrey","Beardsley",36 v
"Felice","Beato",73
"Arnaud de","Beauregard",38
Domenico, Beccafumi
"Ikahl","Beckford",25
Max, Beckmann
"Sir William","Beechey",17 v
"Vanilla","Beer",25
"Samuel","Begg",21
Bartel, Beham
Vanessa, Bell
Gentile, Bellini
"Giovanni","Bellini",49 v
Jacopo, Bellini
"Bernardo","Bellotto",20 v
George Wesley, Bellows
"Felix","Benoist",15
"Linda","Benton",95
Thomas Hart, Benton
"Jean","Beraud",32
Nicolaes, Berchem
"Nils","Bergslien",14
Bartolomeo, Bermejo
Emile, Bernard
Pedro, Berruguete
"Bettina, Shaw-Lawrence",27
"Robert Polhill","Bevan",18 v
"Alphonse Adolphe","Bichard",18
"Albert","Bierstadt",17 v [= Alfred?]
George Caleb, Bingham
"Edward","Bird",17
"Ted","Blackall",17
"William Kay","Blacklock",14
Peter, Blake
"William","Blake",99 v
"Jesus","Blasco",145
Abraham, Bloemaert
"Umberto","Boccioni",21 v
Arnold, Böcklin
"Karl","Bodmer",38
"Jakob","Bogdani or Bogdany",17
"Louis Leopold","Boilly",49
Ferdiand, Bol
David, Bomberg
"William Joseph J.C.","Bond",14
"Rosa","Bonheur",16 v
"Richard Parkes","Bonington",31 v
Pierre, Bonnard
"Leon Joseph Florentin","Bonnat",14 v [=Joseph-Florentin-Léon]
"Charles Marie Rigobert","Bonne",48
"Brenda Brin","Booker",61
"Colin","Booth",16
"Colin","Bootman",71
Paris, Bordone 
Paul Emile, Borduas
"Hieronymus","Bosch",107 v
"Abraham","Bosse",17 v
Jan, Both
"Sandro","Botticelli",128 v
"Francois","Boucher",101 v
"Eugene Louis","Boudin",87 v
"William-Adolphe","Bouguereau",17 v
"Sebastien","Bourdon",15 v
"Dirck","Bouts",18 v
"Susan","Bower",45
"George Price","Boyce",18
"Thomas Shotter","Boys",25 v
"Catherine","Bradbury",38
"Mathew","Brady",30
"Mathew","Brady & Studio",130
"Ann","Brain",20
Bramantino (Bartolomeo Suardi)
Georges, Braque
John, Bratby
"Peter","Breeden",79
Bartolomaus, Breenberg
"James","Brereton",33
"John","Brett",35 v
Matthias, Bril
Paul, Bril
"Patricia","Brintle",19
"Charles Edmund","Brock",25
Melchior, Broederlam
"Agnolo","Bronzino",21 v
"Robert","Brook",16
Charles, Brooking
"Harry","Brooker",14
Adriaen, Brouwer
"Neal","Brown",18
"Ford Madox","Brown",36 v
"Hablot Knight","Browne",14
"Gordon Frederick","Browne",18
"Ralph","Bruce",39
"Pieter the Elder","Bruegel",78 v
"Jan","Brueghel",14 v
"Jan the Younger","Brueghel",21 v
"Jan the Elder","Brueghel",46 v
"Pieter the Younger","Brueghel",69 v
"Abraham de","Bruyn",36
"Theodore de","Bry",38
Bernard, Buffet
Giuliano, Bugiardini
"Robert","Buhler",16
"Michael","Buhler",56
"Hugh","Bulley",15
"Rupert Charles Wolston","Bunny",15
"Michelangelo","Buonarroti",119 [under Michelangelo]
"Hans","Burgkmair",22 v
"Sir Edward","Burne-Jones",277 v
Edward, Burra
"Thomas Talbot","Bury",16
"Anthony","Butera",38
Willem, Buytewech
"Sarah","Butterfield",19
"Alan","Byrne",24
"null","Byron Company",969 ?????
"Byzantine School",54
Alexandre, Cabanel
"Daniel","Cacouault",27
"Francis Campbell Boileau","Cadell",14
"Gustave","Caillebotte",35 v
"Osmund","Caine",17
"F.A.","Calau",19
"Randolph","Caldecott",19 
"Jacques","Callot",35 v
"William","Callow",19
"John","Cameron",14
"Lee","Campbell",80
Robert Campin (Master of Flémalle)
"Canaletto" (Giovanni Antonio Canal),85 v
Alonso, Cano
Jan van de, Cappelle
"Michelangelo Merisi da","Caravaggio",33 v
"John Wilson","Carmichael",16
"Charles Emile Auguste","Carolus-Duran",13 v
"Vittore","Carpaccio",38 v
Carlo, Carrà
"Annibale","Carracci",14 v
Rosalba, Carriera
"Eugene","Carriere",35 v
Asmus Jacob Carstens
"Mary Stevenson","Cassatt",44 v
"Pieter","Casteels",16
Giovanni Benedetto Castiglione 
Vincenzo, Catena
"George","Catlin",49 v
"George","Cattermole",20
Patrick, Caulfield
"Andreas","Cellarius",26
"Paul","Cézanne",273 v
Marc, Chagall
"Trevor","Chamberlain",53
"Philippe de","Champaigne",41 v
"Alonzo","Chappel",73
"Jean-Baptiste-Siméon","Chardin",41 v
"Michael","Chase",48
"Theodore","Chassériau",33 v
"Komi","Chen",37
"Philippe","Chery",13
"Ming Dynasty","Chinese School",32
"Chinese School",338
Giorgio de, Chirico
"Maylee","Christie",47
Petrus, Christus
Frederick Edwin, Church
"Antonio","Ciccone",21
Cimabue
Giovanni Battista, Cima da Conegliano
"Pieter","Claesz",14 v
"Daniel","Clarke",64
"Claude Lorrain",53 v
Sir George, Clausen
"Edward Williams","Clay",15
"Naomi","Clements Wright",22
"Joos van","Cleve",18 v
"Francois","Clouet",24 v
"Eduardo Teixeira","Coelho",43
Sir William, Coldstream
"George Vicat","Cole",13
Thomas, Cole
"William Stephen","Coleman",18
"John","Collier",13
"Charles Edward","Conder",14
"Claude","Conder",71
Gillis van, Coninxloo
"John","Constable",222 v
"Matilda","Conyers",15
"J.W.","Cook",24
"Simon","Cook",44
"Edward William","Cooke",18
"Stanley","Cooke",29
"John","Cooke",38
"David","Cooke",66
"Abraham","Cooper",13
"Alison","Cooper",49
Samuel, Cooper
"Thomas Sidney","Cooper",17 v
"William","Cooper",25
"Charles West","Cope",16
"John Singleton","Copley",28 v
"Harold","Copping",70
Lovis, Corinth
Corneille de Lyon
Peter von, Cornelius
"Beatrice","Coron",26
"Vincenzo Maria","Coronelli",67
"Jean Baptiste Camille","Corot",91 v
"Correggio" (Antonio Allegri),16 v
"Pietro da","Cortona",15 v
Francesco del, Cossa
"Richard","Cosway",18 v
"Jean the Younger","Cotelle",16
Francis, Cotes
"John Sell","Cotman",63 v
"Graham","Coton",209
"Gustave","Courbet",88 v
"Gervais","Courtellemont",88
"Henri","Courvoisier-Voisin",38
Thomas, Couture
"David","Cox",80 v
"Antoine","Coypel",13 v
"John Robert","Cozens",32 v
"Lucas, the Elder","Cranach",96 v
"Walter","Crane",112 v
"Joseph","Crawhall",22
Lorenzo di, Credi
Giuseppe Maria, Crespi
Carlo, Crivelli
"Ernest","Crofts",14
John, Crome
"P.J.","Crook",223
"Henri-Edmond","Cross",22 v
"Derek","Crow",18
"Isaac Robert","Cruikshank",24
"George","Cruikshank",90 v
"Fred","Cuming",59
"Cyrus","Cuneo",27
"Nathaniel","Currier",17 
"N.","Currier",58
"Dora","Curtis",28
"Aelbert","Cuyp",19 v
"Richard","Dadd",18 v
Bernardo, Daddi
Johan Christian, Dahl
Salvator, Dalí
"Francis","Danby",27 v
"Valerie","Daniel",14
Daniele da Volterra
"William","Daniell",35
"Danish School",47
"George","Dannatt",24
Charles-François, Daubigny
"Honore","Daumier",68 v
"Gerard","David",21 v
"Jacques Louis","David",68 v
"Scott J.","Davis",28
"R.B.","Davis",83
"Edward","Dayes",17 v
"Jane","Deakin",29
"Graham","Dean",97
"Neville","Dear",49
"Jean Baptiste","Debret",15
"Martin","Decent",31
"Edgar","Degas",352 v
Willem, De Kooning
"Ferdinand Victor Eugene","Delacroix",80 v
"George Orleans","Delamotte",14
"Hippolyte","Delaroche",36 v [= Paul]?
Robert, Delaunay
Sonya, Delaunay-Terk
"Lillian","Delevoryas",22
Paul, Delvaux
Maurice, Denis
Robyn, Denny
André, Derain
Alexandre-François Desportes
"Jean-Baptiste Edouard","Detaille",13
"Beltrand and Clair-Guyot, E.","Dete",26
"Achille","Deveria",20
"Arthur","Devis",19 v
Peter, De Wint
Narcise Virgile, Diaz de la Peña
"Kate","Dicker",22
"Sir Frank","Dicksee",25
Richard, Diebenkorn
Jim, Dine
"Mendel John","Diness",106
"null","Ditz",291
Otto, Dix
"Charles Edward","Dixon",16
"Arthur A.","Dixon",50
William, Dobson
"Charles Lutwidge","Dodgson",36
Theo van, Doesburg
"Carlo","Dolci",14 v
"Domenichino" (DDomenico Zampieri),13
Domenico Veneziano
Kees van, Dongen
"Eithne","Donne",21
"Carl","Donner",65
"Gustave","Dore",174 v
Dosso, Dossi
"Gerrit or Gerard","Dou",17 v
"C.L.","Doughty",314
"John","Downman",20
"Richard","Doyle",32
"James E.","Doyle",80
"Herbert James","Draper",18
François Hubert, Drouais
Jean, Dubuffet
"Duccio di Buoninsegna",16
Michel, Duchamp
Raoul, Dufy
Gaspard, Dughet
"Bernard","Dunstan",35
Karel, Dujardin
"Albrecht","Dürer",163
"Anne","Durham",18
"Dutch School",101
Willem, Duyster
William, Dyce
"Sir Anthony Van","Dyck",125 v
"Sir Alfred","East",13 v
Sir Charles Lock, Eastlake
"Captain Seth","Eastman",28
"Timothy","Easton",360
"Margaret Ann","Eden",16
"Peter","Edwards",16
Augustus Leopold, Egg
"Georg Dionysius","Ehret",35
"Ernst","Eisenmayer",20
"Sophia","Elliott",67
Adam, Elsheimer
"Gerry","Embleton",39
"Ron","Embleton",455
"John","Emms",13
"Nissan","Engel",24
"Martin","Engelbrecht",13
"English School",10714
James, Ensor
Michael, Erhart
Max, Ernst
Mauritsw Cornelius, Escher
"Dan","Escott",202
"Patricia","Espir",60
"Sarah Countess of","Essex",21
"William","Etty",40 v
"European School",16
Allart van, Everdingen
Hans, Eworth
Exekias
"Jan van","Eyck",18 v
"Hubert van","Eyck",21 v
"Patricia","Eyre",22
Carel, Fabritius
"Thomas","Faed",17
"Guan Cheng","Fang",16
"Ignace Henri Jean","Fantin-Latour",44 v
"Barry","Fantoni",41
"Michael","Faraday",31
Giovanni, Fattori
Lionel, Feininger
Robert, Feke
"Bert","Felstead",29
"Max","Ferguson",191
"John E.","Ferneley",32
Domenico, Fetti OR Feti
Anselm, Feuerbach
"Sir Samuel Luke","Fildes",15 v
"Stephen","Finer",34
"Fiona" Bell-Currie",24
"John Anster","Fitzgerald",28
"Francois","Flameng",26
Hippolyte, Flandrin
John, Flaxman
"Flemish School",95
"Doreen","Fletcher",13
Vincenzo, Foppa
"Jean Louis","Forain",23
"Elizabeth Adela Stanhope","Forbes",15 v
Mario, Fortuny
"Richard","Foster",27
"Myles Birket","Foster",44 v
Jean, Fouquet
"Henry Charles","Fox",49
"Jean-Honoré","Fragonard",60 v
Francia (Francesco Raibolini)
Franciabigio (Francesco di Cristoforo) 
Sam, Francis
"Frans II the Younger","Francken",31 v
"Olivia","Fraser",37
"French School",2504
"Pierre Edouard","Frere",14
Lucian, Freud
"Oliver","Frey",35
"Caspar David","Friedrich",34 v
"William Powell","Frith",36 v
Roger, Fry
"Julian","Fuente del Saz",14
"Louis Agassiz","Fuertes",45
"John","Fulleylove",31
"Gillian","Furlong",15
"Henry","Fuseli",32 v
Taddeo, Gaddi
"Thomas","Gainsborough",166 v
"Tamas","Galambos",111
"Delphine D.","Garcia",38
"Alexander","Gardner",13
Garofalo (Benvenuto Tisi)
"Henri","Gaudier-Brzeska",63 [SCULPTOR]
"Paul","Gauguin",210 v
Geertgen tot sint Jans
Ivan, Generalic
Gentile da Fabriano
Artemisia, Gentileschi
"Francois Pascal Simon, Baron","Gerard",49 v
"Théodore","Géricault",57 v
"German School",765
"Jean Léon","Gérôme",21 v
"Henri","Gervex",16
"Domenico","Ghirlandaio",43 v
Michele, Giambono
Corrado, Giaquinto
"Lou","Gibbs",16
"Sir John","Gilbert",27
"James","Gillick",62
"James","Gillray",585 v
"Harold","Gilman",17 v
"Luca","Giordano",30 v
"Giorgione da Castelfranco",13 v
"Giotto di Bondone",83 v
Giovanni di Paolo
"Adolphe","Giraudon",15
"Anne Louis","Girodet de Roucy-Trioson",24 v
"Thomas","Girtin",52 v
"James","Girtin",69
Giulio Romano
"Christopher","Glanville",15
"John","Glover",29
"Izabella","Godlewska de Aranda",57
"John William","Godward",37
"Hugo van der","Goes",14 v
"Vincent van","Gogh",276 v
"Ellen","Golla",19
Natalia, Goncharova
"Frederick","Goodall",27
"Albert","Goodwin",67
"Spencer Frederick","Gore",16 v
Arshile, Gorky
Jan, Gossaert
"Thomas Cooper","Gotch",17
"Francisco Jose de","Goya y Lucientes",401 v
"Jan Josephsz. van","Goyen",24 v
"Benozzo di Lese di Sandro","Gozzoli",38 v
"Peter","Graham",69
"Sophie","Grandval",29
Duncan, Grant
"Sir Francis","Grant",22
"Jacques","Grasset de Saint-Sauveur",14
"Walter","Greaves",21
"El","Greco",71 v
"Harry","Green",105
"Kate","Greenaway",19
"Jean Baptiste","Greuze",32 v
"Jan van","Grevenbroeck",27
"Manolis","Grigoreas",31
"John Atkinson","Grimshaw",100 v
"Juan","Gris",31 v
"Jan","Groneberg",103
"Baron Antoine Jean","Gros",23 v
"Heinrich","Gross or Groff",25
George, Grosz
Matthias, Grünewald (Gothardt-Niethardt)
"Francesco","Guardi",39 v
"Jean Antoine Theodore","Gudin",13
"Guercino (Giovanni Francesco Barbieri)",30 v
Guido da Siena
Philip, Guston
Renato, Guttoso
"Jean Baptiste Armand","Guillaumin",47
Constantin, Guys
"Carl","Haag",62
"Jacob-Philippe","Hackert",16 v
"Joyce","Haddon",20
Dirk, Hals
"Frans","Hals",22 v
"Keeley","Halswelle",29
"Lavinia","Hamer",81
Gavin, Hamilton
Richard, Hamilton
Vilhelm Hammershøi
"Liam","Hanley",27
"Heywood","Hardy",15
"Paul","Hardy",15
"Frederick Daniel","Hardy",22
"Wilf","Hardy",364
William Michael, Harnett
Henri, Harpignies
Lauren Stewart, Harris
"Suzuki","Harunobu",18 v
"Harold","Harvey",38
"Constance","Haslewood",14
Childe, Hassam
"William","Hatherell",32
Francisco, Hayez
Francis, Hayman
"Sara","Hayward",89
"Thomas","Hearne",13
"William","Heath",24
John, Heartfield
Erich, Heckel
Willem Claesz., Heda
Jan Davisz. de, Heem
Martin van, Heemskerck
"Julie","Held",24
Jean, Hélion
"Paul Cesar","Helleu",28
Bartolomeus van der, Helst
Jan van, Hemessen
Robert, Henri
"Hermann","Hendrich",13
"Sir Hubert von","Herkomer",13 v
Patrick, Heron
"John Frederick","Herring Jnr",23 v
"John Frederick","Herring Snr",74 v
"Bob","Hersey",15
"Caroline","Hervey-Bathurst",29
Jan van der, Heyden
"George Elgar","Hicks",19
"Joseph","Highmore",19 v
"Nell","Hill",17
"Pehr","Hillestrom",13
"Nicholas","Hilliard",27 v
"Tristram Paul","Hillier",61
"Robert Alexander","Hillingford",14
"Ando or Utagawa","Hiroshige",83 v
Ivon, Hitchens
Meindert, Hobbema
David, Hockney
William, Hodges
Howard, Hodgkin
"Ursula","Hodgson",30
"Ferdinand","Hodler",13 v
"Joris","Hoefnagel",52 v
"Herbert","Hofer",13
"William","Hogarth",146 v
"Franz","Hogenberg",20
"Katsushika","Hokusai",98 v
"Hans","Holbein the Younger",86 v
"William Brassey","Hole",160
"Frank","Holl",14
"James","Holland",16
"Norman","Hollands",60
"Wenceslaus","Hollar",21 v
"Dora","Holzhandler",176
"Winslow","Homer",29 v
"Melchior de","Hondecoeter",18 v
"Gerrit van","Honthorst",24 v
"Pieter de","Hooch",14 v
"Richard","Hook",145
Edward, Hopper
"John","Hoppner",37 v
"Edward Atkinson","Hornel",21
"Thomas","Hornor",15
"John Callcott","Horsley",16
"Felicity","House",22
"George, 9th Earl of Carlisle","Howard",26
"Andrew","Howat",162
John, Hoyland
"Carolyn","Hubbard-Ford",17
Wolfgang, Huber
"Thomas","Hudson",15 v
"William","Huggins",24
"Edward Robert","Hughes",15
"Arthur","Hughes",33 v
"Victor","Hugo",20 v
"Marie","Hugo",70
Jaime, Huguet
"Hungarian School",38
"Alfred William","Hunt",17
"William Henry","Hunt",38
"William Holman","Hunt",43 v
"Gordon","Hutchings",112
"Isabel","Hutchison",34
Jan van, Huysum
"Julius Caesar","Ibbetson",28 v
"Indian School",205
"Jean Auguste Dominique","Ingres",85 v
"James Dickson","Innes",16 v
George, Inness
"William","Ireland",96
"Paul","Iribe",20
"Brian","Irving",17
"Jean-Baptiste","Isabey",14 v
"Islamic School",64
Josef, Israëls
Alexander, Ivanov
"Italian School",431
A.Y., Jackson
"Peter","Jackson",559
"Samuel","Jackson",13
Jacobello del Fiore
Jacquemart de Hesdin
"William","James",14
Abraham, Janssens
"Eugene","Jansson",13
"Japanese School",180
Alexei von, Jawlensky
"Caroline","Jennings",25
"Lisa Graa","Jensen",33
"Judy","Joel",87
"Augustus Edwin","John",142 v
"Gwen","John",40 v
Jasper, Johns
"Charlotte","Johnson Wahl",14
"Janet and Anne","Johnstone",21
"Hilary","Jones",33
"Thomas","Jones",19 v
"Johan-Barthold","Jongkind",15v
Cornelius, Jonson
"Jacob","Jordaens",40 v
"Christian","Jorgensen",17
Asger, Jorn
Jens, Juel
"Nico","Jungman",99
Justus of Ghent
"Christian","Kaempf",24
Johann Joachim, Kändler
"Scott","Kahn",39
Willem, Kalf
Wassily, Kandinsky
"Kestutis","Kasparavicius",80
"Angelica","Kauffmann",31 v
Wilhelm von, Kaulbach
"John","Keay",80
"Deirdre","Kelly",15
Ellsworth, Kelly
"Angie","Kenber",13
"Dinah Roe","Kendall",42
Rockwell, Kent
Georg Friedrich, Kersting
"Jan van, the Elder","Kessel",26 v
Thomas de, Keyser
Fernand, Khnopff
"Odile","Kidd",27
"George Goodwin","Kilburne",22
"Charles Bird","King",13
"Alan","Kingsbury",183
Ernst Ludwig, Kirschner
Ron B., Kitaj
"Theodor Severin","Kittelsen",71
Paul, Klee
Yves, Klein
Kleitias
"Gustav","Klimt",62 v
Franz, Kline
"Sir Godfrey","Kneller",56 v
Laura, Knight
"Louisa","Knight",28
"Franklin Price","Knott",23
Georg, Købke
Oskar, Kokoschka
Käthe, Kollwitz
Philips de, Koninck
"Korean School",23
"Konstantin Alekseevich","Korovin",17
"Juliusz Fortunat","Kossak",15
Lee, Krasner
Cornelius, Krieghoff
Kritios
"Christian","Krohg",51
"Peder Severin","Kroyer",16
Alfred, Kubin
Hans von, Kulmbach
"Utagawa","Kunisada",50 v
"Utagawa","Kuniyoshi",38 v
Frank, Kupka
"Boris Mikhailovich","Kustodiev",26
Pieter van, Laer
Gérard de, Lairesse
George, Lambert
"Ronald","Lampitt",16
"Nicolas","Lancret",25 v
"Sir Edwin","Landseer",45 v
Giovanni, Lanfranco
"Walter","Langley",29
Peter, Lanyon
Nicolas de, Largillière
Nicolai Fedorovich, Larionov
"Carl","Larsson",103
Peter, Lastman
"Henry Herbert","La Thangue",14 v
"Georges de","La Tour",30 v
"Maurice Quentin de","La Tour",20 v
"Sir John","Lavery",15 v
"Sir Thomas","Lawrence",78 v
"Gillian","Lawson",59
"Frank Marsden","Lea",26
"Benjamin William","Leader",18 v
"Charles","Leandre",13
"Edward","Lear",191 v
"Albert-Charles","Lebourg",22
"Charles","Le Brun",26 v
"Hippolyte","Lecomte",13 v
"John","Leech",14
"Ferdinand","Leeke",13
"Robert","Lefevre",17
Fernand, Léger
Wilhelm, Leibl
"Edmund Blair","Leighton",24
"Frederic","Leighton",140 v
"Louis","Lejeune",20 
"Sir Peter","Lely",53 v
"Jacques","Le Moyne",24 
Louis Le Nain
"Franz Seraph von","Lenbach",17 v
"Leonardo da Vinci",118 v
"Charles Robert","Leslie",17
Eustache Le Sueur
"P. A.","Lesueur",14
"null","Lesueur Brothers",24
"John Frederick","Lewis",51 v
Percy Wyndham, Lewis 
Lucas van, Leyden
Judith, Leyster
"Leon Augustin","Lhermitte",19 v
André Lhôte
Roy, Lichtenstein
Bernardo, Licinio
"John","Lidzey",26
"Max","Liebermann",16 v
Jan, Lievens
"Kenneth","Lilly",26
Pol de, Limbourg
"Barrie","Linklater",24
"John","Linnell",24 v
"Sir James Dromgole","Linton",15
"Jean-Etienne","Liotard",16 v
"Fra Filippo","Lippi",18 v
"Filippino","Lippi",26 v
"Virginio","Livraghi",174
"Thomas James","Lloyd",20
"Elizabeth Jane","Lloyd",27
Stephan, Lochner
"Gustave","Loiseau",40
"Cathy","Lomax",32
"Edwin Longsden","Long",16
"Joan","Longas",19
Pietro, Longhi
"Candido","Lopez",18
Ambrogio, Lorenzetti
Lorenzo Monaco
"Lorenzo","Lotto",15 v
Philippe Jacques de, Loutherbourg
"Alfred Crowdy","Lovett",68
Lawrence Stephen, Lowry
"Bernardino","Luini",17 v
"Ariel","Luke",18
"Thomas","Luny",17
"Andrew","Macara",161
J.E.H., MacDonald
"August","Macke",24 v
"Charles Rennie","Mackintosh",18
"Pat","Maclaurin",32
"Daniel","Maclise",39 v
Nicholas, Maes
Francesco, Maffei
Alessandro, Magnasco
René, Magritte
"Kazimir Severinovich","Malevich",24 v
Jean, Malouel
"Thomas","Malton Jnr.",21 v
Antonio, Mancini
"Sabira","Manek",48
Alfred, Manessier
"Edouard","Manet",120 v
Bartolomeo, Manfredi
"Reverend Samuel","Manning",17
"Andrea","Mantegna",43 v
Carlo, Maratti
"Franz","Marc",24 v
"Jerzy","Marek",81
Hans von, Marées
William, Marlow
Albert, Marquet
"Simon","Marsden",184
"Charles","Martin",13
"John","Martin",18 v
"Pierre-Denis","Martin",19
"Luke","Martineau",51
"Simone","Martini",13 v
"Marta","Martonfi-Benke",44
"Masaccio (Tommaso di Ser Giovanni)",28 v
"Masolino da Panicale",13 v
André, Masson
"Jan","Massys or Metsys",13 
"Quentin","Massys or Metsys",17 v
"Master Bertram of Minden",31 v
"Master of Flémalle",14 v
Master of the Life of the Virgin
Master of the St Bartholomew Altarpiece
Master of the Virgo inter Virgines
Master Theodoric
"Lucy","Masterman",14
"Fortunino","Matania",22
"Diane","Matthes",54
Henri, Matisse
Anton, Mauve
"John Jabez Edwin Paisley","Mayall",134
"Luigi","Mayer",16
"Frank Blackwell","Mayer",19
"Jeanne","Maze",29
"Angus","McBride",394
"Peter Hugo","McClure",50
"James Edwin","McConnell",281
"Harold","McCready",98
"Hector","McDonnell",28
"Ambrose","McEvoy",13
"Christine","McKechnie",27
"Hugh","McNeill",109
"Fortune Louis","Meaulle",13
"Jean-Louis Ernest","Meissonier",25 v
"Luis Egidio","Melendez",19 v
Melozzo da Forlì
"Hans","Memling",43 v
"Philip","Mendoza",381
"Anton Raphael","Mengs",14 v
"Adolph Friedrich Erdmann von","Menzel",18 v
"Philippe","Mercier",21 v
"Matthaus, the Elder","Merian",18 v
Gabriel, Metsu
"Adam Frans van der","Meulen",18
"Mexican School",27
Achille-Etna, Michallon
Michelangelo Buonarroti,119 v
Michelino da Besozzo
"David Alan Redpath","Michie",16
Frans van, Mieris
Pierre, Mignard
"Sir John Everett","Millais",110 v
"Charlie","Millar",34
"Peter","Miller",135
"Jean-Francois","Millet",41 v
David, Milne
John, Minton
Joan, Miró
Paula, Modersohn-Becker
"Amedeo","Modigliani",83 v
Pier Francesco, Mola
Jan, Molinaer
Joos de, Momper
Piet, Mondrian
"Claude","Monet",670 v
"Albert Joseph","Moore",36 v
"Brenda","Moore",25
"Henry","Moore",15
"Thomas","Moran",46
Giorgio, Morandi
"Gustave","Moreau",35 v
"Jean Michel the Younger","Moreau",40 v
Moretto (Alessandro Bonvicino)
"Glyn","Morgan",16
"Evelyn De","Morgan",86 v
"Berthe","Morisot",75 v
"George","Morland",26 v
"Nat","Morley",15
"Moroccan School",17
Giovanni Battista, Moroni
James Wilson, Morrice
Grandma, Moses (Mary Anne Robertson)
Jan, Mostaert
Robert, Motherwell
"Alphonse Marie","Mucha",68 v
"Kaaria","Mucherera",15
Otto, Mueller
"Mughal School",133
"Sally","Muir",22
"William James","Muller",17
"William","Mulready",22 v
Edvard, Munch
Sir Alfred James, Munnings
Gabriele, Münter
"Bartolome Esteban","Murillo",58 v
Girolamo, Muziano
"Antonia","Myatt",42
"Martin II","Mytens or Meytens",18
Daniel, Mytens
"Joseph","Nash",16
"John Northcote","Nash",35
"Paul","Nash",15 v
"Thomas","Nast",20
Charles-Joseph Natoire
"John Claude","Nattes",27
"Jean-Marc","Nattier",24 v
"Trevor","Neal",89
"Radi","Nedelchev",28
"Vienna","Nedomansky Studio",28
"Aert van der","Neer",16 v
"Joe Heaps","Nelson",23
Neri di Bicci
Neroccio de' Landi
Caspar, Netscher
"Christopher Richard Wynne","Nevinson",49 v
Barnett, Newman
"Julie","Nicholls",61
Ben, Nicholson
Sir William, Nicholson
"Pat","Nicolle",303
"Ron","Nielsen",16
"Edmund John","Niemann",13
"John","Nixon",13
"James Henry","Nixon",19
"John Edwin","Noble",25
"David","Nockels",16
"Sir Sidney","Nolan",118 v
Emil, Nolde
"Patricia","O'Brien",28
Georgia, O'Keeffe
"Henry Nelson","O'Neil",15
"Sarah","O'Toole",16
"Henry Alexander","Ogden",31
"Isaac","Oliver",18 v
John, Opie
Bernard van, Orley
José Clemente, Orozco
"Sir William","Orpen",33 v
"Abraham","Ortelius",17
"Oscar","Ortiz",16
"Adriaen Jansz. van","Ostade",19 v
"Jean-Baptiste","Oudry",22 v
Friedrich Johann, Overbeck
"William Heysham","Overend",17
"Arthur","Oxenham",19
Amadée, Ozenfant
"Pahari School",13
Michael, Pacher
Padovanino (Alessandro Varotari)
Palermo 
Jacopo, Palma Giovane
Jacopo, Palma Vecchio
"Samuel","Palmer",46 v
"Shanti","Panchal",31
"Giovanni Paolo","Pannini or Panini",32 v
Paolo Veneziano
"Eric","Parker",60
"Parmigianino (Giovanni Francesco Maria Mazzola)",14 v
"Emil","Parrag",36
Parri Spinelli
"Kevin","Parrish",29
"Huw S.","Parsons",36
"Jules","Pascin",25
Victor, Pasmore
"Silvia","Pastore",16
Thomas, Patch
Joachim, Patenier
"Jean-Baptiste Joseph","Pater",23 v
"Sir Joseph Noel","Paton",13
"Roger","Payne",138
Charles Wilson, Peale
Max, Pechstein
Giovanni Antonio, Pellegrini
"Samuel John","Peploe",49 v
"Oglafa Ebitari","Perrin",60
"Persian School",162
"Pietro","Perugino",31 v
Baldassare, Peruzzi
"Antoine","Pesne",24
"John","Pettie",18
"Harry M.","Pettit",19
"Kenneth John","Petts",36
"Lucio del","Pezzo",31
Franz, Pforr
"John","Phillip",15
"William Francis","Phillipps",491
Giovanni Battista, Piazzetta
Francis, Picabia
Pablo Picasso
"Piero della Francesca",37 v
Piero di Cosimo
Pintoricchio (Bernardino di Betto)
John, Piper
"Giovanni Battista","Piranesi",15 v
"Antonio","Pisanello",49 v
"Camille","Pissarro",233 v
"Francis","Place",19 v
Cornelis van, Poelenburch
Polidoro da Caravaggio
"Polish School",14
Antonio del, Pollaiuolo
"James","Pollard",43
Jacopo, Pontormo
Jan, Porcellis
Giovanni Antonio da, Pordenone
"Portuguese School",14
Frans, Post
Paulus, Potter
"Stephane","Poulin",13
Frans I, Pourbus
"Nicolas","Poussin",84 v
"Paul","Powis",69
"Sir Edward John","Poynter",49 v
"Ernest","Prater",15
"David","Pratt",24
"Glen","Preece",101
"Amadeo","Preziosi",28
Francesco, Primaticcio
"Samuel","Prout",16 v
"Pierre-Paul","Prud'hon",13 v
"Jeff","Pullen",37
"Pierre","Puvis de Chavannes",16 v
"Howard","Pyle",166
Adam, Pynacker
"William Henry","Pyne",18
"James Baker","Pyne",27
"Nadir","Quinto",264
"Arthur","Rackham",205 v
"Sir Henry","Raeburn",19 v
"Jean Francois","Raffaelli",13 v
"Paul","Rainer",39
"William","Rainey",28
"Allan","Ramsay",24 v
"Raphael (Raffaello Sanzio)",110
"Alek","Rapoport",13
Robert, Rauschenberg
"Lucy","Raverat",15
"Richard","Redgrave",14 v
"Odilon","Redon",113 v
"Pierre Joseph","Redoute",51 v
"James","Reeve",57
Ad, Reinhardt
"Rembrandt Harmensz. van Rijn",233 v
"Frederic","Remington",40 v
"Guido","Reni",34 v
"Pierre Auguste","Renoir",569 v
"Jules Ernest","Renoux",16
"Ilya Efimovich","Repin",27
"Sir Joshua","Reynolds",117 v
Francisco, Ribalta
"Jusepe de","Ribera",35 v
Marco, Ricci
Sebastiano, Ricci
"Elizabeth","Rice",32
"Ulrich von","Richental",25
"Lizzie","Riches",65
"George","Richmond",19 v
Gerhard, Richter
"Hyacinthe","Rigaud",25 v
"John","Rignall",15
Bridget, Riley
Jean Paul, Riopelle
Diego, Rivera
"Briton","Riviere",16
"Nicolas","Robert",52
"Hubert","Robert",57 v
Ercole de', Roberti
"David","Roberts",114 v
"Frederick Cayley","Robinson",18
"Anne","Robinson",30
Alexander, Rodchenko
"Endre","Roder",106
"Willie","Rodger",115
"Romanian School",29
Girolamo, Romanino
"George","Romney",48 v
Félicien, Rops
"Salvator","Rosa",13 v
"Hilary","Rosen",62
"Dante Charles Gabriel","Rossetti",91 v
Rosso Fiorentino
"Sir William","Rothenstein",78 v
Mark, Rothko
Carl, Rottmann
Georges, Rouault
"Franz","Roubaud",13
"Henri J.F.","Rousseau",52 v
Théodore, Rousseau
"Maggie","Rowe",21
"Thomas","Rowlandson",169 v [="T.","Rowlandson",29]
"Stanley","Royle",17
"Peter Paul","Rubens",227 v
Andrei, Rublev
"Jacob Isaaksz. or Isaacksz. van","Ruisdael",24 v
Salomon Isaaksz. or Isaacksz. van, Ruisdael
"Anthony","Rule",20
Philipp Otto, Runge
"John","Ruskin",24 v
"John","Russell",13
"Victoria","Russell",23
"Russian School",71
Albert Pinkham, Ryder
"Christopher","Ryland",38
Andrea, Sacchi
Pieter, Saenredam
"Alberto","Salinas",31
Francesco, Salviati
"Alonso","Sanchez Coello",17 v
"Paul","Sandby",47 v
"Anthony Frederick Augustus","Sandys",26
Sano di Pietro
"James","Sant",14
Carlo, Saraceni
"John Singer","Sargent",78 v
Sassetta (Stefano di Giovanni)
Sassoferrato (Giovanni Battista Salvi),18 v
"Roelandt Jacobsz.","Savery",13 v
Gian Girolamo, Savoldo
Christian, Schad
Godfried, Schalken
"George the Elder","Scharf",58
"Ary","Scheffer",15 v
Andrea, Schiavone
Gottlieb, Schick
"Egon","Schiele",79 v
Karl, Schmidt-Rottluff
Julius, Schnorr von Carolsfeld
"Martin","Schongauer",17 v
"Gail","Schulman",25
"Moritz Ludwig von","Schwind",18 v
Jan van, Scorel
"Pat","Scott",222
Samuel, Scott
William, Scott
"William Bell","Scott",20 [=William Scott?]
"Tim","Scott Bolton",30
"Scottish School",26
"Lara","Scouller",29
Sebastiano del Piombo
Giovanni, Segantini
Hercules, Seghers
"Armand","Seguin",26
Jacob, Seisenegger
"Lincoln","Seligman",235
"Valentin Aleksandrovich","Serov",24
Séraphine
"Paul","Serusier",26 v
"Georges Pierre","Seurat",49
Gino, Severini
"Faiza","Shaikh",31
"John Byam Liston","Shaw",23
"Laila","Shawa",81
"Thomas Hosmer","Shepherd",82
"Frederic James","Shields",15
Walter Richard, Sickert
"Paul","Signac",76 v
Luca, Signorelli
"Myung-Bo","Sim",49
"Richard","Simkin",15
"Hilary","Simon",55
"William 'Crimea'","Simpson",50
David Alfaro, Siqueiros
"Alfred","Sisley",123 v
"Trygve","Skogrand",88
Max, Slevogt
John, Sloan
"Larry","Smart",33
"Robert","Smirke",14
"Jessie Willcox","Smith",15
"John S.","Smith",85
Sir Matthew, Smith
Jacob, Smits
Frans, Snyders
Sodoma (Giovanni Antonio Bazzi)
Francesco, Solimena
"Abraham","Solomon",16
"Simeon","Solomon",21 v
"Nora","Soos",21
"Joaquin","Sorolla y Bastida",40
Pierre, Soulages
"Anthony","Southcombe",26
Chaim, Soutine
"Spanish School",270
"Ruskin","Spear",15
"John","Speed",18
"Claire","Spencer",27
Stanley, Spencer
Spinello Aretino
Karl, Spitzweg
Bartolomäus, Spranger
"Geoff","Squire",81
"Sri Lankan School",16
Nicolas de, Staël
"William Clarkson","Stanfield",21 v
"John Roddam Spencer","Stanhope",18
"Jan Havicksz.","Steen",37 v
Philip Wilson, Steer
Stefano da Verona
Frank, Stella
Jacques, Stella
Alfred Emile, Stevens
Clyfford, Still
Tobias, Stimmer
"Adrian Scott","Stokes",13 v
"Marianne","Stokes",16
Thomas, Stothard
"Arthur Claude","Strachan",32
"Jan van der","Straet",38
"William","Strang",18
Bernardo, Strozzi
Gilbert, Stuart
"Mary","Stuart",23
"George","Stubbs",71 v
Franz von, Stuck
Graham, Sutherland
"Jacob","Sutton",36
"Jacques Francois Joseph","Swebach",16
Michiel, Sweerts
"Peter","Szumowski",112
"Lincoln","Taber",16
"Ferdinando","Tacconi",25
Sophie, Taeuber-Arp
"Harold","Tamblyn-Watts",343
Yves, Tanguy
"Eric","Tansley",16
Antonio, Tápies
Agostino, Tassi
"Carol","Tatham Smith",19
"Albert Chevallier","Tayler",20
"Leonard Campbell","Taylor",16
"Stevie","Taylor",79
"Anna","Teasdale",36
"David the Younger","Teniers",63 v
"Dudley C.","Tennant",14
"John","Tenniel",35 v
"Gerard" ter Borch or Terborch",20 v
Hendrick, Terbrugghen
"Lance","Thackeray",36
"Thai School",65
"Fritz","Thaulow",56
Theophanes the Greek
"Joan","Thewsey",55
"null","Thisisnotme",26
"Miles","Thistlethwaite",54
Hans, Thoma
"Sarah","Thompson-Engels",17
"John","Thomson",15
Tom, Thomson
"Archibald","Thorburn",15
"Sir James","Thornhill",18 v
"Victoria","Threlfall",15
"Giandomenico","Tiepolo",13 v
"Giovanni Battista","Tiepolo",54 v
"Jacopo Robusti","Tintoretto",42 v
Johann Heinrich Wilhelm, Tischbein
"James Jacques Joseph","Tissot",92 v
"Titian (Tiziano Vecellio)",116 v
Mark, Tobey
"Tony","Todd",57
"Agostino","Tofanelli",186
Jan, Toorop
"Henri de","Toulouse-Lautrec",221 v
"Francis","Towne",25 v
"Erin","Townsend",17
"Vic","Trevett",30
Cornelis, Troost
"Josephine","Trotter",45
François de, Troy
Wilhelm, Trübner
"Henry Scott","Tuke",40 v
Cosmo, Tura
"Turkish School",37
"William","Turner",17 v
"Joseph Mallord William","Turner",463 v
Cy, Twombly
"Robert","Tyndall",71
"Paolo","Uccello",20 v
"Clive","Uptton",273
"Kitagawa","Utamaro",86 v
Maurice, Utrillo
Suzanne, Valadon
Lucas van, Valckenborch
Juan de, Valdes Léal
Pierre-Henri de, Valenciennes
Moïse, Valentin de Bourgogne
"Felix Edouard","Vallotton",61 v
Carle, Van Loo
"John","Varley",40 v
Vasarély, Victor 
Vasari, Giorgio
Vecchietta (Lorenzo di Pietro)
"Diego Rodriguez de Silva y","Velazquez",77 v
"Willem van de, the Younger","Velde",21 v
"Venetian School",21
"Vasili Vasilievich","Vereshchagin",19 v
"Jan","Vermeer",21 v
"Antoine Charles Horace","Vernet",33 v
"Claude Joseph","Vernet",34 v
"Emile Jean Horace","Vernet",40 v [= A.C. Horace??]
"Paolo","Veronese",59 v
"George","Vertue",19 v
Joseph-Marie, Vien
"Elisabeth Louise","Vigee-Lebrun",31 v
Villard de Honnecourt
David, Vinckboons
Alvise, Vivarini
Bartolomeo, Vivarini
Maurice de, Vlaminck
Simon de, Vlieger
"Johann Michael","Voltz",15
Cornelis de, Vos
"Simon","Vouet",14 v
"Sebastian","Vrancx",24 v
Nenrick Cornelisz., Vroom
Eduard, Vuillard
"Ron","Waddams",21
Ferdinand Georg Waldmüller
"Carol","Walklin",22
"Gloria","Wallington",40
Alfred, Wallis
"Elizabeth","Wang",43
"Wang Xizhi",24
"John","Ward",13
"Edward Matthew","Ward",17
"James","Ward",26 v
Andy, Warhol
"Celia","Washington",35
"John William","Waterhouse",46 v
"John Millar","Watt",113
"Jean Antoine","Watteau",46 v
"George Frederick","Watts",34 v
"E.B.","Watts",55
Jan Baptist, Weenix
Carel, Weight
"Marjorie","Weiss",68
"Gustav","Wentzel",18
"Carl Friedrich Heinrich","Werner",13
"Benjamin","West",22 v
"Richard","Westall",26 v
"Rogier van der","Weyden",52 v
"Francis","Wheatley",14 v
"James Abbott McNeill","Whistler",30 v
"Thomas","Whitcombe",21
"John","White",30
"Steve","Whitehead",19 v
"Sir David","Wilkie",20
"Evelyn","Williams",87
"Albert","Williams",248
"Richard","Willis",23
"Lucy","Willis",63 
"Tilly","Willis",99
"Edward Adrian","Wilson",18
"Richard","Wilson",36 v
"Peter de","Wint",44 v
"Franz Xavier","Winterhalter",27 v
"Gaspar van","Wittel",17 v
Konrad, Witz
"William Barnes","Wollen",40
"Jonathan","Wolstenholme",15
"Dean Snr.","Wolstenholme",17
Christopher, Wood
"Stanley L.","Wood",27
"Gerry","Wood",36
"Richard Caton","Woodville",35
"Richard Caton II","Woodville",122
"John","Wootton",13 v
"John","Worsley",42
Philips, Wouwermans
"John","Wright",35
"Liz","Wright",242
"Joseph","Wright of Derby",55 v
Joachim, Wtewael
Andrew, Wyeth
"Newell Convers","Wyeth",14
"William","Wyld",14
Jan, Wynants
"Kate","Yates",13
Jack Butler, Yeats
Ossip, Zadkine
"Francois Edouard","Zier",15
"Doris Clare","Zinkeisen",13
"Johann","Zoffany",26
Marco, Zoppo
Andres, Zorn
Francesco, Zuccarelli
Federico, Zuccaro
Ignacio, Zuloaga
"Francisco","Zurbarán",36