"SARAH-AbaukE",
"SARAH-pVnkBD",
"SARAH-fwoeYg",
"SARAH-rjDdtJ",
"SARAH-wrrT7H",
"SARAH-d2IFUA",
"SARAH-PBAQlj",
"SARAH-AG7Mz8",
"SARAH-Qb1PjZ",
"SARAH-T13aqM",
"SARAH-VnuHjQ",
"SARAH-ZQgJ3x",
"SARAH-m6ebOT",
"SARAH-PK6fEN",
"SARAH-Xwuozy",
"SARAH-xaA8oY",
"SARAH-Ry2u1f",
"SARAH-G9Nmy0",
"SARAH-jKjG1Z",
"SARAH-7u4b94",
"SARAH-hMINkM",
"SARAH-zWvnvc",
"SARAH-hNyxO5",
"SARAH-9trfeC",
"SARAH-2gzvPJ",
"SARAH-JCHBHk",
"SARAH-oFMfck",
"SARAH-1faEVc",
"SARAH-MKvT8Z",
"SARAH-eP19Zb",
"SARAH-LwpJz3",
"SARAH-sagpkR",
"SARAH-S6e129",
"SARAH-U4QJfm",
"SARAH-qFAHSY",
"SARAH-Nf3cD0",
"SARAH-tcn5zS",
"SARAH-l0jdcA",
"SARAH-mPtKmv",
"SARAH-AdMvZA",
"SARAH-byBB6S",
"SARAH-aQ5cxa",
"SARAH-RxDgWQ",
"SARAH-uau44B",
"SARAH-w8PV3W",
"SARAH-1Rv6le",
"SARAH-9IMz7W",
"SARAH-uX4eUU",
"SARAH-fqJLGa",
"SARAH-57CNHP",
"SARAH-ZqDqhE",
"SARAH-UrR0LF",
"SARAH-G8whV4",
"SARAH-euuJvs",
"SARAH-JO6NfI",
"SARAH-5w0vy7",
"SARAH-P80ZgB",
"SARAH-c9t3US",
"SARAH-v4G1no",
"SARAH-lHesGs",
"SARAH-AEzSwo",
"SARAH-8AUX9P",
"SARAH-tLxAs5",
"SARAH-Wov3l8",
"SARAH-3mqyNF",
"SARAH-FkvFlN",
"SARAH-NABf9M",
"SARAH-02vMVs",
"SARAH-AjEC2i",
"SARAH-7ZfWQQ",
"SARAH-oUOZUc",
"SARAH-xNkWg3",
"SARAH-ysuwDd",
"SARAH-ztxqlh",
"SARAH-uvOwpq",
"SARAH-eofFtm",
"SARAH-GMoSGL",
"SARAH-8aKAdI",
"SARAH-U7zl5O",
"SARAH-IQYJdw",
"SARAH-3zUvFG",
"SARAH-1cr04H",
"SARAH-lwMnhk",
"SARAH-m8U5ba",
"SARAH-oqcDfG",
"SARAH-UstmHg",
"SARAH-joKXMT",
"SARAH-Mha6kx",
"SARAH-lRWrkG",
"SARAH-3cFP1g",
"SARAH-LHApRy",
"SARAH-9tezKe",
"SARAH-x5ZJ59",
"SARAH-lKaZFU",
"SARAH-0y877P",
"SARAH-3FX8Rl",
"SARAH-TrWoBT",
"SARAH-MZvXFY",
"SARAH-Z7kxX3",
"SARAH-A62LwE",
