nobody,"Under the palm tree (open-source-is-not-free.html)",http://desert-island.me.uk/~castaway/blog/open-source-is-not-free.html,2009-05-01T23:33:45
nobody,"Under the palm tree (contributing-to-URI.html)",http://desert-island.me.uk/~castaway/blog/contributing-to-URI.html,2009-04-24T07:57:39
nobody,"Under the palm tree (reproducing-the-bug.html)",http://desert-island.me.uk/~castaway/blog/reproducing-the-bug.html,2009-05-09T19:24:36
nobody,"Under the palm tree (club-la-costa-timeshares.html)",http://desert-island.me.uk/~castaway/blog/club-la-costa-timeshares.html,2009-05-10T15:00:00
nobody,"Under the palm tree (software-diy.html)",http://desert-island.me.uk/~castaway/blog/software-diy.html,2009-05-13T18:10:23
,"Under the palm tree (walking_the_thames_path_2.html)",http://desert-island.me.uk/~castaway/blog/walking_the_thames_path_2.html,2009-02-08T14:54:35
,"Under the palm tree (auto-listing-inherited-methods-in-pod.html)",http://desert-island.me.uk/~castaway/blog/auto-listing-inherited-methods-in-pod.html,2009-03-30T21:49:44
,"Under the palm tree (looking-for-perl-signals.html)",http://desert-island.me.uk/~castaway/blog/looking-for-perl-signals.html,2009-04-02T22:26:31
,"Under the palm tree (two-sides-of-perl.html)",http://desert-island.me.uk/~castaway/blog/two-sides-of-perl.html,2009-04-08T23:19:56
,"Under the palm tree (enlightened-cpan-tool.html)",http://desert-island.me.uk/~castaway/blog/enlightened-cpan-tool.html,2009-04-14T14:53:28
