http://kajian.net/kajian-audio/?l=15,Kitab Ad-Durarul Bahiyah - Fiqh Menstruasi,/kajian-audio/Ceramah/Abdul Barr/Fiqih Menstruasi/Kitab Ad-Durarul Bahiyah - Fiqh Menstruasi.mp3?l=12
http://kajian.net/kajian-audio/?l=15,Aqidah Agama Syiah 1,/kajian-audio/Ceramah/Abdul Hakim Amir Abdat/Aqidah Agama Syiah/Aqidah Agama Syiah 1.MP3?l=12
http://kajian.net/kajian-audio/?l=15,Aqidah Agama Syiah 3,/kajian-audio/Ceramah/Abdul Hakim Amir Abdat/Aqidah Agama Syiah/Aqidah Agama Syiah 3.MP3?l=12
http://kajian.net/kajian-audio/?l=15,Arti Ibadah,/kajian-audio/Ceramah/Abdul Hakim Amir Abdat/Arti Ibadah/Arti Ibadah.mp3?l=12
http://kajian.net/kajian-audio/?l=15,Beberapa Permasalahan Janabat &amp; Wudh,/kajian-audio/Ceramah/Abdul Hakim Amir Abdat/Beberapa Permasalahan Mandi Janabat %2526 Wudhu/Beberapa Permasalahan Janabat %2526 Wudh.mp3?l=12
http://kajian.net/kajian-audio/?l=15,Biografi Imam Bukhari 1,/kajian-audio/Ceramah/Abdul Hakim Amir Abdat/Biografi Imam Bukhari/Biografi Imam Bukhari 1.mp3?l=12
http://kajian.net/kajian-audio/?l=15,Arti Ibadah,/kajian-audio/Ceramah/Abdul Hakim Amir Abdat/Campuran/Arti Ibadah.mp3?l=12
http://kajian.net/kajian-audio/?l=15,Beberapa Permasalahan Janabat &amp; Wudh,/kajian-audio/Ceramah/Abdul Hakim Amir Abdat/Campuran/Beberapa Permasalahan Janabat %2526 Wudh.mp3?l=12
http://kajian.net/kajian-audio/?l=15,Keutamaan Ilmu,/kajian-audio/Ceramah/Abdul Hakim Amir Abdat/Campuran/Keutamaan Ilmu.mp3?l=12
http://kajian.net/kajian-audio/?l=15,Makna AhlusSunnah WalJama'ah ( D-2 ),/kajian-audio/Ceramah/Abdul Hakim Amir Abdat/Campuran/Makna AhlusSunnah WalJama%27ah %28 D-2 %29.mp3?l=12
http://kajian.net/kajian-audio/?l=15,Wajibnya Mengikuti Sunnah ( D-6),/kajian-audio/Ceramah/Abdul Hakim Amir Abdat/Campuran/Wajibnya Mengikuti Sunnah %28 D-6%29.mp3?l=12
http://kajian.net/kajian-audio/?l=15,Dialog Salaf 1 (Pembukaan),/kajian-audio/Ceramah/Abdul Hakim Amir Abdat/Dialog Salaf/Dialog Salaf 1 %28Pembukaan%29.mp3?l=12
http://kajian.net/kajian-audio/?l=15,Dialog Salaf 3 (Abdul Hakim dan Abu,/kajian-audio/Ceramah/Abdul Hakim Amir Abdat/Dialog Salaf/Dialog Salaf 3 %28Abdul Hakim dan Abu.mp3?l=12
http://kajian.net/kajian-audio/?l=15,Fiqh Para Shahabat 02,/kajian-audio/Ceramah/Abdul Hakim Amir Abdat/Fiqh Para Shahabat/Fiqh Para Shahabat 02.mp3?l=12
http://kajian.net/kajian-audio/?l=15,Hadist Dhoif dan Palsu Seputar Bul 1,/kajian-audio/Ceramah/Abdul Hakim Amir Abdat/Hadist Dhoif dan Palsu Seputar Bulan Puasa/Hadist Dhoif dan Palsu Seputar Bul 1.mp3?l=12
http://kajian.net/kajian-audio/?l=15,Ilmu dan Manhaj 1,/kajian-audio/Ceramah/Abdul Hakim Amir Abdat/Ilmu dan Manhaj/Ilmu dan Manhaj 1.mp3?l=12
http://kajian.net/kajian-audio/?l=15,Ilmu dan Manhaj 3,/kajian-audio/Ceramah/Abdul Hakim Amir Abdat/Ilmu dan Manhaj/Ilmu dan Manhaj 3.mp3?l=12
http://kajian.net/kajian-audio/?l=15,Indahnya Islam 1,/kajian-audio/Ceramah/Abdul Hakim Amir Abdat/Indahnya Islam/Indahnya Islam 1.mp3?l=12
http://kajian.net/kajian-audio/?l=15,Tanya Jawab Seputar Nazhor (Melihat Calon Istri atau Suami),/kajian-audio/Ceramah/Abdul Barr/Tanya Jawab Seputar Nazhor %28Melihat Calon Istri atau Suami%29/Tanya Jawab Seputar Nazhor %28Melihat Calon Istri atau Suami%29.mp3?l=12
http://kajian.net/kajian-audio/?l=15,Aqidah Agama Syiah 2,/kajian-audio/Ceramah/Abdul Hakim Amir Abdat/Aqidah Agama Syiah/Aqidah Agama Syiah 2.MP3?l=12
http://kajian.net/kajian-audio/?l=15,Aqidah Agama Syiah 4,/kajian-audio/Ceramah/Abdul Hakim Amir Abdat/Aqidah Agama Syiah/Aqidah Agama Syiah 4.MP3?l=12
http://kajian.net/kajian-audio/?l=15,Arti Ikhlas dan Syirik,/kajian-audio/Ceramah/Abdul Hakim Amir Abdat/Arti Ikhlas dan Syirik/Arti Ikhlas dan Syirik.mp3?l=12
http://kajian.net/kajian-audio/?l=15,017 Bidah beshalawat sebelum adzan,/kajian-audio/Ceramah/Abdul Hakim Amir Abdat/Bidah Bershalawat Sebelum Adzan/017_Bidah beshalawat sebelum adzan.mp3?l=12
http://kajian.net/kajian-audio/?l=15,Abdul Hakim Abdad,/kajian-audio/Ceramah/Abdul Hakim Amir Abdat/Campuran/Abdul Hakim Abdad.mp3?l=12
http://kajian.net/kajian-audio/?l=15,Arti Ikhlas dan Syirik,/kajian-audio/Ceramah/Abdul Hakim Amir Abdat/Campuran/Arti Ikhlas dan Syirik.mp3?l=12
http://kajian.net/kajian-audio/?l=15,Hadits - Hadits Palsu ( D - 1 ),/kajian-audio/Ceramah/Abdul Hakim Amir Abdat/Campuran/Hadits - Hadits Palsu %28 D - 1 %29.mp3?l=12
http://kajian.net/kajian-audio/?l=15,Kewajiban Mengikuti Sunnah,/kajian-audio/Ceramah/Abdul Hakim Amir Abdat/Campuran/Kewajiban Mengikuti Sunnah.mp3?l=12
http://kajian.net/kajian-audio/?l=15,Masalah Baiat &amp; Syi'ah (D-3),/kajian-audio/Ceramah/Abdul Hakim Amir Abdat/Campuran/Masalah Baiat %2526 Syi%27ah %28D-3%29.mp3?l=12
http://kajian.net/kajian-audio/?l=15,Dialog Daulah Islamiyyah,/kajian-audio/Ceramah/Abdul Hakim Amir Abdat/Daulah Islamiyyah/Dialog Daulah Islamiyyah.MP3?l=12
http://kajian.net/kajian-audio/?l=15,Dialog Salaf 2 (Persis),/kajian-audio/Ceramah/Abdul Hakim Amir Abdat/Dialog Salaf/Dialog Salaf 2 %28Persis%29.mp3?l=12
http://kajian.net/kajian-audio/?l=15,Fiqh Para Shahabat 01,/kajian-audio/Ceramah/Abdul Hakim Amir Abdat/Fiqh Para Shahabat/Fiqh Para Shahabat 01.mp3?l=12
http://kajian.net/kajian-audio/?l=15,Firqoh-Firqoh Sesat 02,/kajian-audio/Ceramah/Abdul Hakim Amir Abdat/Firqoh-Firqoh Sesat/Firqoh-Firqoh Sesat 02.mp3?l=12
http://kajian.net/kajian-audio/?l=15,01 Hukum Demokrasi dan Seputar Daula,/kajian-audio/Ceramah/Abdul Hakim Amir Abdat/Hukum Demokrasi dan Seputar Daulah/01 Hukum Demokrasi dan Seputar Daula.mp3?l=12
http://kajian.net/kajian-audio/?l=15,Ilmu dan Manhaj 2,/kajian-audio/Ceramah/Abdul Hakim Amir Abdat/Ilmu dan Manhaj/Ilmu dan Manhaj 2.mp3?l=12
http://kajian.net/kajian-audio/?l=15,Ilmu dan Manhaj 4,/kajian-audio/Ceramah/Abdul Hakim Amir Abdat/Ilmu dan Manhaj/Ilmu dan Manhaj 4.mp3?l=12
http://kajian.net/kajian-audio/Ceramah/Syeikh%20Musa%20alu%20Nasr,Membongkar Teroris Berkedok Islam 1 (tarjamah),/kajian-audio/Ceramah/Syeikh Musa alu Nasr/%28Terjemah oleh Ustdz. Arif Syarifuddin%29 Membongkar Teroris Berkedok Islam 1.mp3?l=12
http://kajian.net/kajian-audio/Ceramah/Syeikh%20Musa%20alu%20Nasr,Membongkar Teroris Berkedok Islam 1 (Bahasa Arab),/kajian-audio/Ceramah/Syeikh Musa alu Nasr/Membongkar Teroris Berkedok Islam 1.mp3?l=12
http://kajian.net/kajian-audio/Ceramah/Syeikh%20Musa%20alu%20Nasr,Membongkar Teroris Berkedok Islam 3 (Bahasa Arab),/kajian-audio/Ceramah/Syeikh Musa alu Nasr/Membongkar Teroris Berkedok Islam 3.mp3?l=12
http://kajian.net/kajian-audio/Ceramah/Syeikh%20Musa%20alu%20Nasr,Membongkar Teroris Berkedok Islam 2 (tarjamah),/kajian-audio/Ceramah/Syeikh Musa alu Nasr/%28Terjemah oleh Ustdz. Arif Syarifuddin%29 Membongkar Teroris Berkedok Islam 2.mp3?l=12
http://kajian.net/kajian-audio/Ceramah/Syeikh%20Musa%20alu%20Nasr,Membongkar Teroris Berkedok Islam 2 (Bahasa Arab),/kajian-audio/Ceramah/Syeikh Musa alu Nasr/Membongkar Teroris Berkedok Islam 2.mp3?l=12
http://kajian.net/kajian-audio/Ceramah/Mahful%20Safaruddin/Islam%20Pembawa%20Rahmat%20dan%20Kedamaian%20Bagi%20Seluruh%20Alam,01 Islam Pembawa Rahmat dan Kedamaian Bagi Seluruh Alam,/kajian-audio/Ceramah/Mahful Safaruddin/Islam Pembawa Rahmat dan Kedamaian Bagi Seluruh Alam/01 Islam Pembawa Rahmat dan Kedamaian Bagi Seluruh Alam.mp3?l=12
http://kajian.net/kajian-audio/Ceramah/Mahful%20Safaruddin/Islam%20Pembawa%20Rahmat%20dan%20Kedamaian%20Bagi%20Seluruh%20Alam,02 Menyikapi Aksi-Aksi Kekerasan,/kajian-audio/Ceramah/Mahful Safaruddin/Islam Pembawa Rahmat dan Kedamaian Bagi Seluruh Alam/02 Menyikapi Aksi-Aksi Kekerasan.mp3?l=12
http://kajian.net/kajian-audio/Ceramah/Mahful%20Safaruddin/Menggapai%20Kebahagiaan%20dengan%20Ikhlas,"Menggapai Kebahagiaan dengan Ikhlas, Materi",/kajian-audio/Ceramah/Mahful Safaruddin/Menggapai Kebahagiaan dengan Ikhlas/Menggapai Kebahagiaan dengan Ikhlas%2C Materi.mp3?l=12
http://kajian.net/kajian-audio/Ceramah/Mahful%20Safaruddin/Menggapai%20Kebahagiaan%20dengan%20Ikhlas,"Menggapai Kebahagiaan dengan Ikhlas, Tanya Jawab",/kajian-audio/Ceramah/Mahful Safaruddin/Menggapai Kebahagiaan dengan Ikhlas/Menggapai Kebahagiaan dengan Ikhlas%2C Tanya Jawab.mp3?l=12
http://kajian.net/kajian-audio/Ceramah/Abdul%20Barr/Fiqih%20Menstruasi,01. Fiqh Menstruasi,/kajian-audio/Ceramah/Abdul Barr/Fiqih Menstruasi/Kitab Ad-Durarul Bahiyah - Fiqh Menstruasi.mp3?l=12
http://kajian.net/kajian-audio/Ceramah/Abdul%20Barr/Fiqih%20Menstruasi,02. Fiqh Menstruasi - Tanya Jawab,/kajian-audio/Ceramah/Abdul Barr/Fiqih Menstruasi/Kitab Ad-Durarul Bahiyah - Tanya Jawab.mp3?l=12
http://kajian.net/kajian-audio/Ceramah/Abdul%20Barr/Tanya%20Jawab%20Seputar%20Nazhor%20%28Melihat%20Calon%20Istri%20atau%20Suami%29,Tanya Jawab Seputar Nazhor (Melihat Calon Istri atau Suami),/kajian-audio/Ceramah/Abdul Barr/Tanya Jawab Seputar Nazhor %28Melihat Calon Istri atau Suami%29/Tanya Jawab Seputar Nazhor %28Melihat Calon Istri atau Suami%29.mp3?l=12
http://kajian.net/kajian-audio/Doa/Mishaari%20Raashid%20al-3afaasee,Doa dan Dzikir Setelah Shalat Wajib,/kajian-audio/Doa/Mishaari Raashid al-3afaasee/01 Doa dan Dzikir Setelah Shalat Waj.mp3?l=12
http://kajian.net/kajian-audio/Doa/Mishaari%20Raashid%20al-3afaasee,Dzikir Rutin Di Sore Hari,/kajian-audio/Doa/Mishaari Raashid al-3afaasee/03 Dzikir Rutin Di Sore Hari.mp3?l=12
http://kajian.net/kajian-audio/Doa/Mishaari%20Raashid%20al-3afaasee,Dzikir Rutin Di Pagi Hari,/kajian-audio/Doa/Mishaari Raashid al-3afaasee/02 Dzikir Rutin Di Pagi Hari.mp3?l=12
http://kajian.net/kajian-audio/Doa/Mishaari%20Raashid%20al-3afaasee,Dzikir Sebelum Tidur,/kajian-audio/Doa/Mishaari Raashid al-3afaasee/04 Dzikir Sebelum Tidur.mp3?l=12
http://kajian.net/kajian-audio/Hadist/Hadist-Hadist%20Seputar%20Puasa%20Ramadhan,Doa Apabila Berbuka Puasa Di Tempat Orang Lain,/kajian-audio/Hadist/Hadist-Hadist Seputar Puasa Ramadhan/Doa Apabila Berbuka Puasa Di Tempat Orang Lain.mp3?l=12
http://kajian.net/kajian-audio/Hadist/Hadist-Hadist%20Seputar%20Puasa%20Ramadhan,Hadist Tentang Adab Sahur,/kajian-audio/Hadist/Hadist-Hadist Seputar Puasa Ramadhan/Hadist Tentang Adab Sahur.mp3?l=12
http://kajian.net/kajian-audio/Hadist/Hadist-Hadist%20Seputar%20Puasa%20Ramadhan,Keutamaan Berpuasa Ketika Berjihad di Jalan Allah,/kajian-audio/Hadist/Hadist-Hadist Seputar Puasa Ramadhan/Keutamaan Berpuasa Ketika Berjihad di Jalan Allah.mp3?l=12
http://kajian.net/kajian-audio/Hadist/Hadist-Hadist%20Seputar%20Puasa%20Ramadhan,Keutamaan Bulan Ramadhan 02,/kajian-audio/Hadist/Hadist-Hadist Seputar Puasa Ramadhan/Keutamaan Bulan Ramadhan 02.mp3?l=12
http://kajian.net/kajian-audio/Hadist/Hadist-Hadist%20Seputar%20Puasa%20Ramadhan,Meninggalkan Perkataan Bohong,/kajian-audio/Hadist/Hadist-Hadist Seputar Puasa Ramadhan/Meninggalkan Perkataan Bohong.mp3?l=12
http://kajian.net/kajian-audio/Hadist/Hadist-Hadist%20Seputar%20Puasa%20Ramadhan,Orang Berpuasa Tapi Hanya Dapat Lapar dan Haus,/kajian-audio/Hadist/Hadist-Hadist Seputar Puasa Ramadhan/Orang Berpuasa Tapi Hanya Dapat Lapar dan Haus.mp3?l=12
http://kajian.net/kajian-audio/Hadist/Hadist-Hadist%20Seputar%20Puasa%20Ramadhan,Peringatan Bagi Orang Yg Dusta Ketika Sedang Berpuasa,/kajian-audio/Hadist/Hadist-Hadist Seputar Puasa Ramadhan/Peringatan Bagi Orang Yg Dusta Ketika Sedang Berpuasa.mp3?l=12
http://kajian.net/kajian-audio/Hadist/Hadist-Hadist%20Seputar%20Puasa%20Ramadhan,Siksaan Bagi Orang yang Berbuka Sebelum Waktunya Berbuka,/kajian-audio/Hadist/Hadist-Hadist Seputar Puasa Ramadhan/Siksaan Bagi Orang yang Berbuka Sebelum Waktunya Berbuka.mp3?l=12
http://kajian.net/kajian-audio/Hadist/Hadist-Hadist%20Seputar%20Puasa%20Ramadhan,Hadist Tentang Adab Berbuka Puasa,/kajian-audio/Hadist/Hadist-Hadist Seputar Puasa Ramadhan/Hadist Tentang Adab Berbuka Puasa.mp3?l=12
http://kajian.net/kajian-audio/Hadist/Hadist-Hadist%20Seputar%20Puasa%20Ramadhan,Keringanan Berpuasa Bagi Wanita Hamil dan Menyusui,/kajian-audio/Hadist/Hadist-Hadist Seputar Puasa Ramadhan/Keringanan Berpuasa Bagi Wanita Hamil dan Menyusui.mp3?l=12
http://kajian.net/kajian-audio/Hadist/Hadist-Hadist%20Seputar%20Puasa%20Ramadhan,Keutamaan Bulan Ramadhan 01,/kajian-audio/Hadist/Hadist-Hadist Seputar Puasa Ramadhan/Keutamaan Bulan Ramadhan 01.mp3?l=12
http://kajian.net/kajian-audio/Hadist/Hadist-Hadist%20Seputar%20Puasa%20Ramadhan,Makan Tanpa Di Sengaja,/kajian-audio/Hadist/Hadist-Hadist Seputar Puasa Ramadhan/Makan Tanpa Di Sengaja.mp3?