САН Интербрю ОАО;Ставрополь, Гражданская ул. 9, оф.207;
Сан ООО;Ставропольский край, Буденновск, Свободы ул. 337;
Сан Интер брю ОАО, Ростовский филиал;Ростов-на-Дону, Лермонтовская ул. 102;
САНА;Краснодарский край, Приморско-Ахтарск, Заводская ул. 1;
Сан ООО, Благодарненский филиал;Ставропольский край, Благодарный, Кочубея пер.;2-88-87
Сан Экспресс, федеральная сеть туристических агентств;Ростов-на-Дону, Суворова ул 21;268-88-00
Сана КТВ ООО;Ростов-на-Дону, Пушкинская ул. 169;264-93-63,264-06-66
Сан Пицца, кафе;Астраханская область, Астрахань, Космонавтов ул. 14;50-00-05,50-17-43
Сана ЛТД ООО, онкоаптека;Краснодар, Димитрова ул. 146;233-80-08
Стар Дистрибьюшн Компани ООО, Волжский филиал Сан Интербрю Лимитед;Волгоградская область, Волжский, Пушкина ул. 85;29-77-21,42-04-10,29-51-51
Сан Марко, кофейня;Краснодарский край, Сочи, Навагинская ул. 3/2 (над кафе Добрыня);64-35-89
Санакс;Краснодар, ул.Сормовская, 7;8(918)277-21-79,8(861)234-30-88,8(861)279-63-10
"Аптека ""Сана"" ООО ""Санафарм""";"Краснодар, Московская, 5 проходная ОАО ""Импульс""";+7(8612)277-67-30
Аврора ОАО, санаторий;Краснодарский край, Сочи, Л-226, Авроры ул. 6;74-61-08,74-61-11,74-60-91
"ООО ""Бэби Сан""";Волгоград, ул. Мира, д.13;+7(8442)38-47-42, +7-961-668-86-47
Геленджик ТВ-Н ООО, телекомпания;Краснодарский край, Геленджик, Мира ул. 38, территория сан.Красная Талка;8-918-438-69-74,8-918-460-54-45,2-12-87
Мегаполис;Краснодарский край, Новороссийск, ул. Исаева, 2 , офис 210;+7 (8617) 64 50 76
Атера ООО;Краснодар, Уральская ул. 9/1;274-43-23
Мегаполис - турфирма;Краснодарский край, Новороссийск, ул. Исаева, 2 , офис 210;+7 (8617) 64 50 76
Империал-Юг ООО, туристическое агентство;Краснодар, Коммунаров ул. 59, оф.6;277-02-00,211-00-08
Арсенал Авто;"Краснодар, ул. Стасова 182 ТРЦ ""Меридиан"" пав. №19 (за магазином рыбалка)";79885265886
САБО ООО - производство спортивной обуви;Киров, ул.Ленина, 2;+7(8332)402570,+7(8332)402571,+7(8332)402572
Арсенал-Авто - багажники на крышу автомобиля INNO;"Краснодар, ул. Стасова182, ТРЦ ""Меридиан"", павильон.№19 (за магазином рыбалка)";+7 988 526 588 6,+7 918 34 33 686
"Туристическая компания ""Розовый слон""";Ростовская область, Таганрог, ул. П.Тольятти, 12,Ростовская область, Таганрог, пер. Итальянский, 8;8(8634)603-306,8(8634)311-001,8(8634)311-222
